{
  "summary": {
    "total_grids": 20,
    "total_risk": 9.789729,
    "best_fitness": 0.463349,
    "total_protection_benefit": 4.536058,
    "average_protection_benefit": 0.226803,
    "fitness_history": [
      0.438664,
      0.461967,
      0.461967,
      0.462671,
      0.462671,
      0.462879,
      0.462879,
      0.462879,
      0.462879,
      0.462879,
      0.462879,
      0.463112,
      0.463112,
      0.463112,
      0.463112,
      0.463112,
      0.463112,
      0.463112,
      0.463112,
      0.463112,
      0.463112,
      0.463141,
      0.463141,
      0.463298,
      0.463298,
      0.463298,
      0.463298,
      0.463298,
      0.463298,
      0.463298,
      0.463298,
      0.463298,
      0.463298,
      0.463298,
      0.463298,
      0.463298,
      0.463298,
      0.463298,
      0.463298,
      0.463298,
      0.463298,
      0.463298,
      0.463298,
      0.463349,
      0.463349,
      0.463349,
      0.463349,
      0.463349,
      0.463349,
      0.463349,
      0.463349
    ],
    "resources_deployed": {
      "total_cameras": 4,
      "total_drones": 2,
      "total_camps": 2,
      "total_rangers": 8,
      "fence_segments": 11
    }
  },
  "grids": [
    {
      "grid_id": 0,
      "q": 0,
      "r": 0,
      "x": 0,
      "y": 0,
      "terrain_type": "SparseGrass",
      "risk_normalized": 0.350246,
      "protection_benefit_raw": 0.217747,
      "protection_benefit_normalized": 0.42838,
      "residual_risk_normalized": 0.178856,
      "deployment": {
        "patrol_rangers": 0,
        "camp": 0,
        "drone": 0,
        "camera": 1
      },
      "hex_size": 62
    },
    {
      "grid_id": 1,
      "q": 1,
      "r": 0,
      "x": 1,
      "y": 0,
      "terrain_type": "Road",
      "risk_normalized": 0.0,
      "protection_benefit_raw": 0.0,
      "protection_benefit_normalized": 0.0,
      "residual_risk_normalized": 0.0,
      "deployment": {
        "patrol_rangers": 0,
        "camp": 0,
        "drone": 0,
        "camera": 0
      },
      "hex_size": 62
    },
    {
      "grid_id": 2,
      "q": 2,
      "r": 0,
      "x": 2,
      "y": 0,
      "terrain_type": "DenseGrass",
      "risk_normalized": 0.810312,
      "protection_benefit_raw": 0.318833,
      "protection_benefit_normalized": 0.62725,
      "residual_risk_normalized": 0.663428,
      "deployment": {
        "patrol_rangers": 0,
        "camp": 0,
        "drone": 0,
        "camera": 0
      },
      "hex_size": 62
    },
    {
      "grid_id": 3,
      "q": 3,
      "r": 0,
      "x": 3,
      "y": 0,
      "terrain_type": "SparseGrass",
      "risk_normalized": 0.475908,
      "protection_benefit_raw": 0.281722,
      "protection_benefit_normalized": 0.554241,
      "residual_risk_normalized": 0.262123,
      "deployment": {
        "patrol_rangers": 0,
        "camp": 0,
        "drone": 0,
        "camera": 0
      },
      "hex_size": 62
    },
    {
      "grid_id": 4,
      "q": 4,
      "r": 0,
      "x": 4,
      "y": 0,
      "terrain_type": "WaterHole",
      "risk_normalized": 0.546446,
      "protection_benefit_raw": 0.141629,
      "protection_benefit_normalized": 0.278631,
      "residual_risk_normalized": 0.546446,
      "deployment": {
        "patrol_rangers": 0,
        "camp": 0,
        "drone": 0,
        "camera": 0
      },
      "hex_size": 62
    },
    {
      "grid_id": 5,
      "q": 0,
      "r": 1,
      "x": 0,
      "y": 1,
      "terrain_type": "SparseGrass",
      "risk_normalized": 0.257514,
      "protection_benefit_raw": 0.161739,
      "protection_benefit_normalized": 0.318195,
      "residual_risk_normalized": 0.129283,
      "deployment": {
        "patrol_rangers": 0,
        "camp": 0,
        "drone": 0,
        "camera": 0
      },
      "hex_size": 62
    },
    {
      "grid_id": 6,
      "q": 1,
      "r": 1,
      "x": 1,
      "y": 1,
      "terrain_type": "DenseGrass",
      "risk_normalized": 0.991432,
      "protection_benefit_raw": 0.256961,
      "protection_benefit_normalized": 0.505527,
      "residual_risk_normalized": 0.991432,
      "deployment": {
        "patrol_rangers": 0,
        "camp": 0,
        "drone": 0,
        "camera": 0
      },
      "hex_size": 62
    },
    {
      "grid_id": 7,
      "q": 2,
      "r": 1,
      "x": 2,
      "y": 1,
      "terrain_type": "Road",
      "risk_normalized": 0.235936,
      "protection_benefit_raw": 0.129835,
      "protection_benefit_normalized": 0.255428,
      "residual_risk_normalized": 0.143222,
      "deployment": {
        "patrol_rangers": 3,
        "camp": 1,
        "drone": 0,
        "camera": 0
      },
      "hex_size": 62
    },
    {
      "grid_id": 8,
      "q": 3,
      "r": 1,
      "x": 3,
      "y": 1,
      "terrain_type": "SparseGrass",
      "risk_normalized": 0.675059,
      "protection_benefit_raw": 0.37107,
      "protection_benefit_normalized": 0.730017,
      "residual_risk_normalized": 0.410342,
      "deployment": {
        "patrol_rangers": 0,
        "camp": 0,
        "drone": 0,
        "camera": 0
      },
      "hex_size": 62
    },
    {
      "grid_id": 9,
      "q": 4,
      "r": 1,
      "x": 4,
      "y": 1,
      "terrain_type": "SaltMarsh",
      "risk_normalized": 0.084378,
      "protection_benefit_raw": 0.021869,
      "protection_benefit_normalized": 0.043024,
      "residual_risk_normalized": 0.084378,
      "deployment": {
        "patrol_rangers": 0,
        "camp": 0,
        "drone": 0,
        "camera": 0
      },
      "hex_size": 62
    },
    {
      "grid_id": 10,
      "q": 0,
      "r": 2,
      "x": 0,
      "y": 2,
      "terrain_type": "SparseGrass",
      "risk_normalized": 0.469468,
      "protection_benefit_raw": 0.277559,
      "protection_benefit_normalized": 0.546051,
      "residual_risk_normalized": 0.259049,
      "deployment": {
        "patrol_rangers": 0,
        "camp": 0,
        "drone": 0,
        "camera": 0
      },
      "hex_size": 62
    },
    {
      "grid_id": 11,
      "q": 1,
      "r": 2,
      "x": 1,
      "y": 2,
      "terrain_type": "Road",
      "risk_normalized": 0.299557,
      "protection_benefit_raw": 0.164808,
      "protection_benefit_normalized": 0.324233,
      "residual_risk_normalized": 0.181892,
      "deployment": {
        "patrol_rangers": 2,
        "camp": 1,
        "drone": 1,
        "camera": 0
      },
      "hex_size": 62
    },
    {
      "grid_id": 12,
      "q": 2,
      "r": 2,
      "x": 2,
      "y": 2,
      "terrain_type": "SparseGrass",
      "risk_normalized": 0.92389,
      "protection_benefit_raw": 0.508303,
      "protection_benefit_normalized": 1.0,
      "residual_risk_normalized": 0.560984,
      "deployment": {
        "patrol_rangers": 1,
        "camp": 0,
        "drone": 0,
        "camera": 1
      },
      "hex_size": 62
    },
    {
      "grid_id": 13,
      "q": 3,
      "r": 2,
      "x": 3,
      "y": 2,
      "terrain_type": "DenseGrass",
      "risk_normalized": 1.0,
      "protection_benefit_raw": 0.259182,
      "protection_benefit_normalized": 0.509896,
      "residual_risk_normalized": 1.0,
      "deployment": {
        "patrol_rangers": 0,
        "camp": 0,
        "drone": 0,
        "camera": 0
      },
      "hex_size": 62
    },
    {
      "grid_id": 14,
      "q": 4,
      "r": 2,
      "x": 4,
      "y": 2,
      "terrain_type": "SparseGrass",
      "risk_normalized": 0.295308,
      "protection_benefit_raw": 0.185928,
      "protection_benefit_normalized": 0.365782,
      "residual_risk_normalized": 0.147647,
      "deployment": {
        "patrol_rangers": 0,
        "camp": 0,
        "drone": 0,
        "camera": 0
      },
      "hex_size": 62
    },
    {
      "grid_id": 15,
      "q": 0,
      "r": 3,
      "x": 0,
      "y": 3,
      "terrain_type": "WaterHole",
      "risk_normalized": 0.639497,
      "protection_benefit_raw": 0.165746,
      "protection_benefit_normalized": 0.326077,
      "residual_risk_normalized": 0.639497,