{
  "summary": {
    "total_grids": 20,
    "total_risk": 9.789729,
    "best_fitness": 0.514705,
    "total_protection_benefit": 5.038826,
    "average_protection_benefit": 0.251941,
    "fitness_history": [
      0.512111,
      0.512112,
      0.512112,
      0.513461,
      0.513461,
      0.513461,
      0.513461,
      0.513461,
      0.513461,
      0.513461,
      0.513461,
      0.513461,
      0.513461,
      0.513461,
      0.513461,
      0.513461,
      0.513461,
      0.513461,
      0.514705,
      0.514705,
      0.514705,
      0.514705,
      0.514705,
      0.514705,
      0.514705,
      0.514705,
      0.514705,
      0.514705,
      0.514705,
      0.514705,
      0.514705,
      0.514705,
      0.514705,
      0.514705,
      0.514705,
      0.514705,
      0.514705,
      0.514705,
      0.514705,
      0.514705,
      0.514705,
      0.514705,
      0.514705,
      0.514705,
      0.514705,
      0.514705,
      0.514705,
      0.514705,
      0.514705,
      0.514705,
      0.514705
    ],
    "resources_deployed": {
      "total_cameras": 4,
      "total_drones": 2,
      "total_camps": 0,
      "total_rangers": 8,
      "fence_segments": 10
    }
  },
  "grids": [
    {
      "grid_id": 0,
      "q": 0,
      "r": 0,
      "x": 0,
      "y": 0,
      "terrain_type": "SparseGrass",
      "risk_normalized": 0.350246,
      "protection_benefit_raw": 0.218572,
      "protection_benefit_normalized": 0.430288,
      "deployment": {
        "patrol_rangers": 0,
        "camp": 0,
        "drone": 0,
        "camera": 0
      },
      "hex_size": 62
    },
    {
      "grid_id": 1,
      "q": 1,
      "r": 0,
      "x": 1,
      "y": 0,
      "terrain_type": "Road",
      "risk_normalized": 0.0,
      "protection_benefit_raw": 0.0,
      "protection_benefit_normalized": 0.0,
      "deployment": {
        "patrol_rangers": 1,
        "camp": 0,
        "drone": 0,
        "camera": 1
      },
      "hex_size": 62
    },
    {
      "grid_id": 2,
      "q": 2,
      "r": 0,
      "x": 2,
      "y": 0,
      "terrain_type": "DenseGrass",
      "risk_normalized": 0.810312,
      "protection_benefit_raw": 0.44523,
      "protection_benefit_normalized": 0.876494,
      "deployment": {
        "patrol_rangers": 1,
        "camp": 0,
        "drone": 1,
        "camera": 0
      },
      "hex_size": 62
    },
    {
      "grid_id": 3,
      "q": 3,
      "r": 0,
      "x": 3,
      "y": 0,
      "terrain_type": "SparseGrass",
      "risk_normalized": 0.475908,
      "protection_benefit_raw": 0.281894,
      "protection_benefit_normalized": 0.554946,
      "deployment": {
        "patrol_rangers": 1,
        "camp": 0,
        "drone": 0,
        "camera": 0
      },
      "hex_size": 62
    },
    {
      "grid_id": 4,
      "q": 4,
      "r": 0,
      "x": 4,
      "y": 0,
      "terrain_type": "WaterHole",
      "risk_normalized": 0.546446,
      "protection_benefit_raw": 0.141629,
      "protection_benefit_normalized": 0.278815,
      "deployment": {
        "patrol_rangers": 0,
        "camp": 0,
        "drone": 0,
        "camera": 0
      },
      "hex_size": 62
    },
    {
      "grid_id": 5,
      "q": 0,
      "r": 1,
      "x": 0,
      "y": 1,
      "terrain_type": "SparseGrass",
      "risk_normalized": 0.257514,
      "protection_benefit_raw": 0.161982,
      "protection_benefit_normalized": 0.318884,
      "deployment": {
        "patrol_rangers": 0,
        "camp": 0,
        "drone": 0,
        "camera": 0
      },
      "hex_size": 62
    },
    {
      "grid_id": 6,
      "q": 1,
      "r": 1,
      "x": 1,
      "y": 1,
      "terrain_type": "DenseGrass",
      "risk_normalized": 0.991432,
      "protection_benefit_raw": 0.445366,
      "protection_benefit_normalized": 0.876761,
      "deployment": {
        "patrol_rangers": 0,
        "camp": 0,
        "drone": 0,
        "camera": 0
      },
      "hex_size": 62
    },
    {
      "grid_id": 7,
      "q": 2,
      "r": 1,
      "x": 2,
      "y": 1,
      "terrain_type": "Road",
      "risk_normalized": 0.235936,
      "protection_benefit_raw": 0.129691,
      "protection_benefit_normalized": 0.255313,
      "deployment": {
        "patrol_rangers": 0,
        "camp": 0,
        "drone": 0,
        "camera": 1
      },
      "hex_size": 62
    },
    {
      "grid_id": 8,
      "q": 3,
      "r": 1,
      "x": 3,
      "y": 1,
      "terrain_type": "SparseGrass",
      "risk_normalized": 0.675059,
      "protection_benefit_raw": 0.371065,
      "protection_benefit_normalized": 0.730491,
      "deployment": {
        "patrol_rangers": 1,
        "camp": 0,
        "drone": 0,
        "camera": 0
      },
      "hex_size": 62
    },
    {
      "grid_id": 9,
      "q": 4,
      "r": 1,
      "x": 4,
      "y": 1,
      "terrain_type": "SaltMarsh",
      "risk_normalized": 0.084378,
      "protection_benefit_raw": 0.021869,
      "protection_benefit_normalized": 0.043052,
      "deployment": {
        "patrol_rangers": 0,
        "camp": 0,
        "drone": 0,
        "camera": 0
      },
      "hex_size": 62
    },
    {
      "grid_id": 10,
      "q": 0,
      "r": 2,
      "x": 0,
      "y": 2,
      "terrain_type": "SparseGrass",
      "risk_normalized": 0.469468,
      "protection_benefit_raw": 0.277557,
      "protection_benefit_normalized": 0.546408,
      "deployment": {
        "patrol_rangers": 1,
        "camp": 0,
        "drone": 0,
        "camera": 0
      },
      "hex_size": 62
    },
    {
      "grid_id": 11,
      "q": 1,
      "r": 2,
      "x": 1,
      "y": 2,
      "terrain_type": "Road",
      "risk_normalized": 0.299557,
      "protection_benefit_raw": 0.164514,
      "protection_benefit_normalized": 0.323868,
      "deployment": {
        "patrol_rangers": 0,
        "camp": 0,
        "drone": 0,
        "camera": 0
      },
      "hex_size": 62
    },
    {
      "grid_id": 12,
      "q": 2,
      "r": 2,
      "x": 2,
      "y": 2,
      "terrain_type": "SparseGrass",
      "risk_normalized": 0.92389,
      "protection_benefit_raw": 0.507967,
      "protection_benefit_normalized": 1.0,
      "deployment": {
        "patrol_rangers": 1,
        "camp": 0,
        "drone": 0,
        "camera": 1
      },
      "hex_size": 62
    },
    {
      "grid_id": 13,
      "q": 3,
      "r": 2,
      "x": 3,
      "y": 2,
      "terrain_type": "DenseGrass",
      "risk_normalized": 1.0,
      "protection_benefit_raw": 0.449631,
      "protection_benefit_normalized": 0.885159,
      "deployment": {
        "patrol_rangers": 1,
        "camp": 0,
        "drone": 0,
        "camera": 0
      },
      "hex_size": 62
    },
    {
      "grid_id": 14,
      "q": 4,
      "r": 2,
      "x": 4,
      "y": 2,
      "terrain_type": "SparseGrass",
      "risk_normalized": 0.295308,
      "protection_benefit_raw": 0.18551,
      "protection_benefit_normalized": 0.365201,
      "deployment": {
        "patrol_rangers": 0,
        "camp": 0,
        "drone": 0,
        "camera": 0
      },
      "hex_size": 62
    },
    {
      "grid_id": 15,
      "q": 0,
      "r": 3,
      "x": 0,
      "y": 3,
      "terrain_type": "WaterHole",
      "risk_normalized": 0.639497,
      "protection_benefit_raw": 0.165746,
      "protection_benefit_normalized": 0.326293,
      "deployment": {
        "patrol_rangers": 0,
        "camp": 0,
        "drone": 0,
        "camera": 0
      },
      "hex_size": 62
    },
    {
      "grid_id": 16,
      "q": 1,
      "r": 3,
      "x": 1,
      "y": 3,
      "terrain_type": "SparseGrass",
      "risk_normalized": 0.522235,
      "protection_benefit_raw": 0.308827,
      "protection_benefit_normalized": 0.607967,
      "deployment": {
        "patrol_rangers": 0,
        "camp": 0,
        "drone": 1,
        "camera": 0
      },
      "hex_size": 62
    },
    {
      "grid_id": 17,
      "q": 2,
      "r": 3,
      "x": 2,
      "y": 3,
      "terrain_type": "SparseGrass",
      "risk_normalized": 0.717641,