Base Camps,Total Protection Benefit,Average Protection Benefit,Best Fitness
1,30.6062,0.034,0.108625
3,29.1349,0.0324,0.103869
5,30.5625,0.034,0.107672
7,30.5584,0.034,0.107282
9,30.3714,0.0337,0.107696
11,31.1686,0.0346,0.10958
13,29.9354,0.0333,0.108146
15,29.9148,0.0332,0.107975
17,31.1985,0.0347,0.111495
19,31.047,0.0345,0.109629
