Surveillance Cameras,Total Protection Benefit,Average Protection Benefit,Best Fitness
1,30.2197,0.0336,0.109227
3,34.7682,0.0386,0.122312
5,38.1134,0.0423,0.134382
7,39.9901,0.0444,0.14113
9,43.5485,0.0484,0.156306
11,47.6178,0.0529,0.16525
13,50.6367,0.0563,0.178241
15,53.36,0.0593,0.189983
17,55.3281,0.0615,0.196071
19,57.7298,0.0641,0.203935
